Freelancer ID,Project Name,Skills Used,Project Duration (Hours),Project Price (USD),Completion Date
1,Web Development,HTML, CSS, JavaScript, React,100,3000,2023-05-01
1,Mobile App Development,React, Node.js, MongoDB,150,4000,2023-08-15
1,E-commerce Website,HTML, CSS, JavaScript, Node.js, PHP,200,5000,2023-09-10
1,Social Media Management,SEO, Content Creation, Facebook Ads, Instagram Ads,50,1200,2023-07-20
1,Mobile Game Development,Unity, C#, JavaScript,400,8000,2023-06-25
1,Logo and Branding Design,Illustrator, Photoshop, Branding,40,1500,2023-03-15
1,Data Visualization,Python, R, Tableau, SQL,120,3500,2023-10-10
1,Custom CRM System,PHP, Laravel, JavaScript, MySQL,300,6000,2023-12-01
1,Website Performance Optimization,HTML, CSS, JavaScript, SEO,50,1500,2023-07-05
1,AI Chatbot Development,Python, TensorFlow, Machine Learning, NLP,200,7000,2023-04-25
1,Video Editing and Animation,Adobe Premiere, After Effects, Final Cut Pro,80,2500,2023-09-18