days_until_deadline,urgency
0.4,15
0.6,15
0.2,15
0.123,15
0.45,15
0.7,14
0.8,14
1,14
0.90,14
0.99,14
0.98,14
1.1,14, 
1.15,14
4.5,11
4.2,11
6,10,
6.5,10
6.2,10, 
6.3,10, 
6.6,10
7.2,9
7.3,9
7.5,9
8,9
9.5,9
9.4,9
9.3,9
11,8
12,8
13,8
12.5,8
13.5,8
14,8
13.9,8
12.2,8
11.9,8
11.8,8
11.7,8
11.6,8
11.3,8
22,7
529,1
214,2
611,1
518,1
452,1
526,1
119,4
494,1
333,2
544,1
280,2
539,1
231,2
104,4
17,7
266,2
590,1
130,3
540,1
653,1
286,2
334,2
723,1
275,2
165,3
685,1
209,2
685,1
304,2
399,1
21,7
187,2
514,1
688,1
137,3
602,1
252,2
187,2
277,2
433,1
408,1
281,2
277,2
243,2
61,5
268,2
92,4
615,1
480,1
490,1
400,1
120,4
539,1
328,2
34,6
424,1
36,6
380,1
643,1
48,6
83,5
593,1
142,3
44,6
701,1
242,2
533,1
204,2
105,4
62,5
175,3
593,1
597,1
16,7
334,2
300,2
374,1
658,1
211,2
12,8
239,2
4,11
71,5
701,1
136,3
725,1
419,1
597,1
318,2
276,2
73,5
211,2
266,2
187,2
50,6
88,5
621,1
659,1
702,1
8,9
727,1
216,2
628,1
688,1
726,1
193,2
457,1
13,8
501,1
708,1
664,1
446,1
368,1
175,3
721,1
52,6
396,1
515,1
681,1
58,6
435,1
591,1
257,2
185,2
619,1
244,2
495,1
4,11
516,1
62,5
228,2
36,6
666,1
385,1
708,1
55,6
627,1
667,1
188,2
157,3
583,1
434,1
9,9
4,11
354,2
437,1
313,2
83,5
678,1
27,7
606,1
720,1
558,1
474,1
11,8
312,2
456,1
375,1
359,2
659,1
175,3
282,2
435,1
122,3
271,2
185,2
501,1
503,1
179,3
719,1
680,1
132,3
184,2
388,1
458,1
461,1
624,1
257,2
322,2
64,5
33,6
585,1
386,1
56,6
725,1
533,1
469,1
535,1
647,1
434,1
537,1
379,1
118,4
567,1
406,1
340,2
229,2
226,2
16,7
47,6
465,1
677,1
567,1
228,2
109,4
326,2
462,1
234,2
688,1
627,1
641,1
128,3
458,1
44,6
348,2
414,1
365,2
175,3
611,1
216,2
222,2
99,4
328,2
632,1
144,3
18,7
95,4
16,7
139,3
572,1
203,2
646,1
173,3
478,1
183,2
87,5
525,1
90,5
480,1
688,1
61,5
12,8
172,3
269,2
279,2
399,1
215,2
485,1
468,1
176,3
111,4
331,2
632,1
164,3
376,1
69,5
332,2
685,1
86,5
111,4
335,2
567,1
452,1
56,6
178,3
625,1
720,1
195,2
305,2
611,1
535,1
95,4
130,3
275,2
178,3
412,1
249,2
495,1
314,2
677,1
122,3
585,1
345,2
622,1
142,3
304,2
593,1
482,1
108,4
39,6
379,1
156,3
121,3
376,1
18,7
373,1
244,2
72,5
495,1
616,1
73,5
8,9
584,1
116,4
43,6
98,4
161,3
72,5
700,1
360,2
716,1
449,1
224,2
103,4
115,4
497,1
386,1
206,2
576,1
87,5
190,2
433,1
680,1
620,1
164,3
564,1
417,1
345,2
308,2
646,1
237,2
236,2
679,1
62,5
530,1
248,2
485,1
97,4
315,2
171,3
728,1
212,2
516,1
132,3
186,2
271,2
296,2
293,2
533,1
576,1
28,7
553,1
66,5
280,2
57,6
647,1
161,3
556,1
190,2
585,1
169,3
313,2
407,1
29,7
456,1
298,2
328,2
562,1
165,3
20,7
485,1
32,6
368,1
545,1
90,5
269,2
665,1
177,3
710,1
673,1
177,3
181,2
46,6
213,2
139,3
482,1
92,4
339,2
319,2
241,2
720,1
481,1
388,1
450,1
86,5
644,1
67,5
611,1
11,8
313,2
252,2
595,1
379,1
167,3
504,1
600,1
725,1
190,2
17,7
532,1
290,2
427,1
401,1
342,2
685,1
220,2
697,1
60,6
340,2
723,1
80,5
460,1
62,5
158,3
456,1
402,1
505,1
475,1
206,2
634,1
682,1
322,2
635,1
249,2
493,1
348,2
340,2
91,4
394,1
376,1
283,2
368,1
643,1
75,5
402,1
339,2
123,3
190,2
354,2
432,1
545,1
257,2
433,1
88,5
636,1
127,3
422,1
467,1
54,6
216,2
225,2
70,5
442,1
14,8
410,1
505,1
174,3
449,1
411,1
240,2
689,1
641,1
485,1
313,2
547,1
560,1
349,2
290,2
224,2
429,1
501,1
16,7
645,1
157,3
130,3
543,1
164,3
278,2
435,1
519,1
518,1
472,1
430,1
660,1
476,1
36,6
681,1
632,1
402,1
336,2
362,2
295,2
46,6
82,5
569,1
41,6
273,2
385,1
3476,1
447,1
659,1
130,3
666,1
8,9
288,2
451,1
411,1
719,1
722,1
636,1
107,4
727,1
690,1
112,4
219,2
290,2
499,1
272,2
258,2
141,3
444,1
163,3
228,2
13,8
338,2
399,1
177,3
50,6
333,2
164,3
56,6
382,1
1539,1
454,1
15,7
217,2
466,1
144,3
207,2
39,6
23,7
727,1
252,2
194,2
60,6
694,1
45,6
488,1
60,6
121,3
190,2
429,1
546,1
393,1
163,3
187,2
291,2
626,1
649,1
1665,1
331,2
544,1
296,2
82,5
547,1
659,1
558,1
304,2
167,3
360,2
218,2
692,1
725,1
656,1
75,5
695,1
507,1
650,1
483,1
49,6
590,1
729,1
319,2
634,1
237,2
209,2
491,1
346,2
258,2
246,2
497,1
101,4
590,1
158,3
632,1
538,1
505,1
304,2
567,1
243,2
698,1
55,6
59,6
175,3
592,1
173,3
238,2
191,2
31,6
467,1
522,1
610,1
413,1
598,1
245,2
40,6
81,5
436,1
259,2
320,2
72,5
677,1
329,2
14,8
692,1
626,1
617,1
200,2
204,2
726,1
77,5
521,1
406,1
188,2
26,7
535,1
223,2
598,1
458,1
709,1
263,2
199,2
390,1
64,5
4,11
43,6
630,1
572,1
442,1
17,7
618,1
120,4
341,2
266,2
244,2
256,2
11,8
696,1
648,1
480,1
729,1
25,7
558,1
313,2
509,1
392,1
389,1
709,1
83,5
200,2
68,5
55,6
44,6
249,2
185,2
373,1
73,5
293,2
126,3
648,1
227,2
523,1
195,2
518,1
243,2
704,1
66,5
338,2
26,7
629,1
715,1
26,7
580,1
721,1
516,1
583,1
653,1
487,1
202,2
175,3
304,2
425,1
700,1
587,1
160,3
350,2
712,1
85,5
51,6
639,1
35,6
451,1
672,1
376,1
487,1
336,2
699,1
716,1
401,1
312,2
342,2
665,1
626,1
363,2
482,1
478,1
721,1
513,1
667,1
486,1
46,6
427,1
227,2
263,2
329,2
450,1
103,4
419,1
135,3
1,14
483,1
701,1
323,2
208,2
171,3
174,3
150,3
727,1
189,2
639,1
142,3
447,1
695,1
448,1
34,6
624,1
59,6
33,6
410,1
233,2
380,1
171,3
212,2
279,2
684,1
678,1
667,1
263,2
48,6
574,1
132,3
694,1
531,1
473,1
677,1
170,3
185,2
517,1
579,1
550,1
161,3
513,1
288,2
689,1
516,1
474,1
153,3
453,1
249,2
195,2
529,1
715,1
407,1
100,4
525,1
434,1
164,3
725,1
317,2
34,6
303,2
654,1
538,1
543,1
260,2
439,1
160,3
182,2
540,1
424,1
421,1
688,1
266,2
214,2
458,1
144,3
400,1
523,1
162,3
362,2
145,3
10,9
238,2
239,2
102,4
711,1
459,1
359,2
472,1
163,3
447,1
314,2
390,1
675,1
385,1
598,1
594,1
197,2
174,3
400,1
212,2
73,5
94,4
398,1
596,1
307,2
90,5
377,1
447,1
240,2
674,1
98,4
725,1
248,2
282,2
138,3
453,1
175,3
545,1
244,2
190,2
495,1
57,6
470,1
321,2
655,1
304,2
267,2
524,1
91,4
402,1
254,2
259,2
268,2
280,2
98,4
86,5
37,6
95,4
444,1
561,1
287,2
396,1
286,2
401,1
525,1
295,2
49,6
170,3
535,1
368,1
46,6
720,1
592,1
681,1
471,1
289,2
646,1
309,2
114,4
723,1
48,6
481,1
430,1
344,2
526,1
621,1
720,1
727,1
509,1
158,3
46,6
248,2
397,1
653,1
92,4
267,2
591,1
476,1
372,1
13,8
89,5
195,2
246,2
338,2
639,1
341,2
685,1
211,2
634,1
654,1
56,6
617,1
97,4
122,3
709,1
590,1
135,3
600,1
232,2
662,1
530,1
572,1
654,1
57,6
144,3
247,2
278,2
275,2
684,1
529,1
134,3
202,2
406,1
84,5
446,1
347,2
509,1
276,2
391,1
539,1
147,3
500,1
172,3
600,1
417,1
677,1
404,1
334,2
27,7
71,5
243,2
444,1
473,1
629,1
98,4
403,1
483,1
10,9
281,2
392,1
422,1
162,3
495,1
638,1
528,1
712,1
582,1
81,5
205,2
519,1
257,2
173,3
612,1
432,1
719,1
216,2
283,2
673,1
90,5
359,2
310,2
363,2
459,1
688,1
402,1
15,7
469,1
85,5
9,9
569,1
589,1
342,2
22,7
634,1
39,6
549,1
652,1
132,3
8,9
9,9
285,2
599,1
133,3
244,2
167,3
553,1
377,1
24,7
662,1
453,1
56,6
305,2
390,1
48,6
438,1
122,3
213,2
504,1
560,1
211,2
88,5
111,4
433,1
628,1
181,2
143,3
528,1
1,14
11,8
264,2
333,2
173,3
454,1
278,2
355,2
222,2
536,1
153,3
65,5
544,1
160,3
119,4
457,1
717,1
324,2
584,1
579,1
329,2
460,1
70,5
419,1
450,1
146,3
167,3
327,2
502,1
458,1
24,7
266,2
78,5
593,1
599,1
465,1
528,1
149,3
639,1
261,2
665,1
434,1
63,5
532,1
701,1
57,6
281,2
243,2
5,11
352,2
225,2
526,1
554,1
560,1
378,1
695,1
1,14
550,1
332,2
154,3
568,1
209,2
492,1
332,2
202,2
306,2
566,1
426,1
48,6
57,6
365,2
166,3
704,1
712,1
276,2
265,2
189,2
435,1
278,2
384,1
38,6
148,3
619,1
572,1
283,2
184,2
379,1
116,4
110,4
484,1
647,1
420,1
661,1
585,1
88,5
701,1
47,6
67,5
557,1
345,2
424,1
594,1
634,1
537,1
138,3
722,1
3,12
595,1
497,1
465,1
159,3
49,6
364,2
160,3
169,3
42,6
321,2
452,1
322,2
240,2
148,3
599,1
21,7
93,4
501,1
70,5
536,1
454,1
333,2
224,2
645,1
6,10
288,2
562,1
538,1
464,1
424,1
260,2
102,4
309,2
492,1
506,1
455,1
259,2
192,2
526,1
626,1
26,7
539,1
339,2
514,1
192,2
325,2
503,1
542,1
361,2
715,1
115,4
145,3
645,1
277,2
120,4
189,2
470,1
267,2
265,2
441,1
564,1
153,3
438,1
438,1
499,1
182,2
467,1
610,1
169,3
381,1
337,2
25,7
365,2
52,6
625,1
627,1
692,1
129,3
382,1
503,1
562,1
658,1
462,1
160,3
333,2
497,1
430,1
449,1
492,1
437,1
69,5
570,1
457,1
629,1
636,1
643,1
729,1
648,1
255,2
476,1
545,1
238,2
443,1
271,2
122,3
120,4
249,2
196,2
419,1
399,1
260,2
599,1
83,5
188,2
417,1
491,1
13,8
627,1
13,8
252,2
22,7
414,1
44,6
597,1
727,1
180,3
313,2
42,6
650,1
652,1
310,2
604,1
531,1
405,1
64,5
386,1
362,2
442,1
259,2
296,2
249,2
285,2
420,1
169,3
603,1
436,1
327,2
214,2
691,1
684,1
182,2
277,2
425,1
716,1
510,1
690,1
284,2
652,1
265,2
233,2
93,4
17,7
189,2
18,7
592,1
713,1
97,4
142,3
201,2
486,1
37,6
8,9
225,2
42,6
581,1
511,1
409,1
120,4
353,2
543,1
340,2
529,1
410,1
537,1
669,1
129,3
488,1
108,4
261,2
698,1
433,1
479,1
447,1
41,6
482,1
293,2
713,1
698,1
507,1
164,3
257,2
3,12
257,2
243,2
501,1
533,1
251,2
175,3
718,1
62,5
471,1
636,1
648,1
285,2
221,2
299,2
551,1
223,2
476,1
313,2
669,1
37,6
576,1
680,1
516,1
389,1
487,1
645,1
620,1
270,2
414,1
79,5
552,1
368,1
377,1
352,2
207,2
291,2
713,1
352,2
438,1
541,1
100,4
207,2
637,1
682,1
469,1
562,1
439,1
159,3
131,3
533,1
591,1
606,1
366,1
585,1
117,4
92,4
76,5
383,1
679,1
619,1
52,6
43,6
696,1
101,4
139,3
276,2
196,2
631,1
695,1
380,1
460,1
418,1
390,1
364,2
311,2
672,1
360,2
365,2
294,2
70,5
477,1
656,1
494,1
81,5
387,1
59,6
21,7
712,1
243,2
701,1
348,2
30,7
476,1
159,3
226,2
707,1
709,1
515,1
729,1
395,1
58,6
556,1
378,1
502,1
225,2
476,1
451,1
370,1
689,1
84,5
202,2
635,1
599,1
117,4
122,3
288,2
675,1
452,1
387,1
328,2
590,1
265,2
118,4
602,1
592,1
90,5
391,1
201,2
523,1
273,2
9,9
44,6
195,2
288,2
242,2
139,3
665,1
217,2
136,3
341,2
527,1
414,1
425,1
286,2
177,3
297,2
399,1
615,1
701,1
534,1
105,4
720,1
24,7
116,4
531,1
289,2
232,2
59,6
208,2
452,1
418,1
542,1
43,6
266,2
224,2
74,5
55,6
582,1
626,1
652,1
597,1
270,2
371,1
667,1
476,1
387,1
126,3
50,6
273,2
607,1
80,5
457,1
376,1
639,1
187,2
157,3
104,4
294,2
235,2
242,2
59,6
638,1
614,1
1,14
533,1
42,6
49,6
701,1
78,5
59,6
44,6
712,1
105,4
171,3
226,2
73,5
365,2
194,2
167,3
394,1
92,4
245,2
277,2
550,1
354,2
217,2
435,1
107,4
71,5
319,2
397,1
230,2
504,1
590,1
187,2
280,2
269,2
633,1
220,2
51,6
215,2
462,1
614,1
283,2
365,2
105,4
373,1
57,6
324,2
370,1
403,1
328,2
504,1
643,1
471,1
431,1
157,3
431,1
205,2
728,1
462,1
419,1
406,1
587,1
272,2
150,3
454,1
628,1
551,1
262,2
712,1
317,2
126,3
95,4
601,1
15,7
587,1
381,1
15,7
712,1
177,3
397,1
150,3
681,1
228,2
351,2
476,1
678,1
684,1
235,2
291,2
5,11
668,1
457,1
88,5
320,2
65,5
475,1
298,2
310,2
357,2
315,2
133,3
478,1
467,1
496,1
697,1
705,1
683,1
175,3
13,8
444,1
457,1
79,5
474,1
386,1
233,2
114,4
144,3
703,1
681,1
681,1
138,3
460,1
580,1
318,2
622,1
562,1
725,1
552,1
440,1
182,2
568,1
338,2
665,1
646,1
693,1
408,1
38,6
316,2
512,1
207,2
441,1
357,2
367,1
289,2
656,1
728,1
198,2
172,3
235,2
697,1
16,7
261,2
729,1
314,2
332,2
526,1
550,1
230,2
90,5
296,2
646,1
464,1
613,1
67,5
191,2
193,2
69,5
316,2
436,1
540,1
337,2
193,2
221,2
404,1
142,3
304,2
688,1
704,1
351,2
346,2
101,4
43,6
429,1
57,6
243,2
455,1
6,10
511,1
456,1
304,2
50,6
730,1
440,1
544,1
363,2
578,1
639,1
125,3
73,5
53,6
439,1
528,1
152,3
254,2
695,1
133,3
28,7
588,1
524,1
277,2
317,2
265,2
231,2
560,1
500,1
66,5
263,2
148,3
105,4
240,2
552,1
93,4
330,2
471,1
34,6
721,1
40,6
709,1
569,1
471,1
483,1
470,1
624,1
691,1
650,1
108,4
345,2
640,1
78,5
444,1
606,1
119,4
670,1
719,1
527,1
340,2
196,2
536,1
376,1
261,2
423,1
722,1
624,1
599,1
445,1
339,2
284,2
605,1
566,1
502,1
619,1
268,2
427,1
682,1
696,1
123,3
724,1
698,1
242,2
600,1
685,1
727,1
293,2
568,1
381,1
464,1
532,1
461,1
59,6
225,2
719,1
459,1
74,5
567,1
116,4
111,4
642,1
709,1
495,1
540,1
624,1
507,1
491,1
356,2
460,1
342,2
16,7
36,6
276,2
678,1
334,2
233,2
681,1
659,1
245,2
100,4
22,7
39,6
154,3
473,1
340,2
360,2
240,2
536,1
646,1
183,2
407,1
227,2
13,8
373,1
49,6
617,1
464,1
205,2
418,1
317,2
268,2
48,6
68,5
625,1
682,1
309,2
630,1
212,2
212,2
241,2
422,1
596,1
624,1
306,2
359,2
555,1
320,2
496,1
90,5
677,1
258,2
2,13
702,1
221,2
593,1
600,1
365,2
450,1
671,1
122,3
251,2
326,2
228,2
405,1
509,1
643,1
18,7
219,2
655,1
211,2
247,2
24,7
6,10
35,6
135,3
561,1
697,1
463,1
212,2
651,1
493,1
462,1
474,1
377,1
218,2
577,1
206,2
57,6
119,4
271,2
369,1
618,1
381,1
96,4
115,4
289,2
125,3
606,1
676,1
728,1
507,1
491,1
148,3
526,1
513,1
316,2
294,2
284,2
459,1
136,3
669,1
89,5
597,1
133,3
270,2
517,1
542,1
215,2
456,1
624,1
490,1
686,1
653,1
334,2
325,2
274,2
64,5
595,1
565,1
515,1
433,1
65,5
100,4
80,5
709,1
500,1
62,5
168,3
232,2
391,1
180,3
655,1
495,1
534,1
50,6
698,1
588,1
273,2
552,1
424,1
665,1
14,8
192,2
449,1
495,1
702,1
670,1
292,2
648,1
133,3
66,5
621,1
287,2
418,1
449,1
25,7
344,2
726,1
307,2
229,2
704,1
424,1
220,2
451,1
696,1
91,4
165,3
32,6
683,1
688,1
63,5
717,1
708,1
718,1
469,1
667,1
208,2
149,3
126,3
631,1
101,4
464,1
416,1
624,1
269,2
642,1
716,1
412,1
320,2
140,3
98,4
205,2
668,1
668,1
610,1
655,1
439,1
196,2
1,14
249,2
721,1
362,2
540,1
448,1
599,1
11,8
395,1
443,1
571,1
570,1
229,2
255,2
671,1
631,1
312,2
404,1
462,1
575,1
124,3
301,2
525,1
421,1
419,1
385,1
582,1
596,1
484,1
200,2
394,1
10,9
450,1
650,1
219,2
134,3
139,3
343,2
244,2
287,2
621,1
584,1
415,1
137,3
470,1
124,3
556,1
401,1
120,4
463,1
361,2
696,1
246,2
119,4
48,6
109,4
498,1
366,1
298,2
682,1
359,2
34,6
236,2
364,2
371,1
565,1
337,2
335,2
528,1
126,3
13,8
676,1
592,1
687,1
474,1
339,2
48,6
390,1
130,3
550,1
351,2
326,2
95,4
672,1
605,1
285,2
195,2
622,1
71,5
615,1
45,6
626,1
570,1
214,2
417,1
409,1
101,4
191,2
5,11
327,2
297,2
13,8
235,2
217,2
490,1
332,2
77,5
595,1
320,2
216,2
588,1
545,1
635,1
62,5
360,2
664,1
667,1
170,3
409,1
604,1
542,1
619,1
187,2
12,8
418,1
699,1
288,2
452,1
464,1
377,1
99,4
413,1
447,1
132,3
595,1
424,1
689,1
39,6
274,2
521,1
18,7
85,5
116,4
75,5
9,9
474,1
299,2
683,1
242,2
212,2
132,3
458,1
300,2
696,1
88,5
174,3
360,2
607,1
412,1
236,2
326,2
41,6
347,2
281,2
88,5
365,2
387,1
608,1
640,1
187,2
137,3
331,2
440,1
246,2
668,1
112,4
465,1
137,3
575,1
333,2
62,5
130,3
108,4
311,2
160,3
105,4
148,3
511,1
577,1
250,2
599,1
53,6
142,3
363,2
244,2
344,2
397,1
420,1
530,1
247,2
514,1
215,2
196,2
281,2
91,4
397,1
369,1
601,1
92,4
366,1
643,1
202,2
9,9
669,1
506,1
622,1
624,1
173,3
115,4
417,1
363,2
304,2
683,1
121,3
115,4
555,1
625,1
441,1
592,1
617,1
6,10
575,1
403,1
345,2
452,1
573,1
715,1
511,1
106,4
416,1
226,2
233,2
718,1
469,1
637,1
375,1
314,2
213,2
454,1
634,1
652,1
302,2
503,1
402,1
667,1
648,1
223,2
17,7
42,6
526,1
639,1
89,5
649,1
621,1
534,1
453,1
37,6
96,4
538,1
535,1
356,2
576,1
363,2
469,1
516,1
442,1
242,2
444,1
687,1
642,1
353,2
495,1
235,2
491,1
482,1
306,2
465,1
18,7
243,2
423,1
43,6
183,2
25,7
276,2
292,2
62,5
616,1
608,1
434,1
260,2
51,6
202,2
87,5
608,1
27,7
307,2
101,4
28,7
254,2
584,1
592,1
664,1
280,2
379,1
532,1
372,1
525,1
54,6
712,1
121,3
532,1
41,6
669,1
293,2
36,6
306,2
708,1
391,1
537,1
37,6
539,1
640,1
395,1
707,1
339,2
473,1
587,1
652,1
178,3
708,1
684,1
47,6
408,1
659,1
689,1
7,10
78,5
520,1
520,1
28,7
127,3
538,1
484,1
340,2
134,3
310,2
521,1
435,1
306,2
40,6
546,1
639,1
234,2
308,2
348,2
343,2
372,1
697,1
117,4
301,2
302,2
713,1
423,1
651,1
176,3
86,5
658,1
623,1
591,1
114,4
321,2
359,2
224,2
168,3
577,1
482,1
202,2
161,3
321,2
82,5
375,1
209,2
730,1
221,2
109,4
118,4
74,5
265,2
710,1
251,2
202,2
536,1
1,14
409,1
115,4
662,1
370,1
274,2
25,7
620,1
688,1
541,1
202,2
688,1
573,1
306,2
101,4
445,1
388,1
101,4
111,4
90,5
48,6
547,1
564,1
89,5
591,1
65,5
508,1
54,6
378,1
122,3
405,1
575,1
22,7
583,1
553,1
171,3
68,5
524,1
656,1
554,1
392,1
535,1
174,3
151,3
494,1
382,1
276,2
655,1
239,2
525,1
375,1
257,2
379,1
454,1
357,2
32,6
80,5
590,1
180,3
573,1
96,4
157,3
433,1
694,1
255,2
646,1
339,2
340,2
425,1
375,1
569,1
487,1
88,5
467,1
64,5
156,3
667,1
606,1
674,1
14,8
371,1
521,1
200,2
666,1
1,14
145,3
310,2
33,6
696,1
36,6
513,1
433,1
724,1
537,1
12,8
673,1
288,2
38,6
295,2
210,2
449,1
15,7
333,2
634,1
413,1
570,1
533,1
342,2
39,6
687,1
330,2
584,1
362,2
630,1
393,1
595,1
3,12
13,8
296,2
539,1
514,1
449,1
521,1
607,1
589,1
697,1
108,4
291,2
664,1
519,1
271,2
691,1
514,1
630,1
523,1
465,1
468,1
133,3
707,1
608,1
426,1
315,2
524,1
506,1
578,1
234,2
259,2
681,1
28,7
269,2
608,1
121,3
240,2
588,1
693,1
278,2
281,2
256,2
262,2
137,3
718,1
147,3
727,1
164,3
284,2
416,1
629,1
44,6
581,1
321,2
501,1
658,1
365,2
453,1
648,1
483,1
574,1
121,3
500,1
312,2
721,1
454,1
454,1
357,2
373,1
605,1
433,1
713,1
274,2
380,1
66,5
674,1
96,4
452,1
685,1
697,1
506,1
213,2
416,1
6,10
649,1
455,1
17,7
467,1
518,1
521,1
59,6
548,1
130,3
188,2
463,1
153,3
635,1
552,1
460,1
449,1
263,2
565,1
563,1
290,2
622,1
287,2
700,1
403,1
262,2
36,6
720,1
691,1
374,1
181,2
344,2
464,1
493,1
640,1
145,3
22,7
545,1
701,1
616,1
90,5
168,3
333,2
264,2
530,1
40,6
443,1
82,5
312,2
404,1
579,1
653,1
717,1
563,1
570,1
492,1
253,2
436,1
16,7
244,2
459,1
311,2
705,1
506,1
128,3
671,1
421,1
693,1
588,1
532,1
272,2
52,6
108,4
137,3
560,1
713,1
283,2
701,1
591,1
417,1
37,6
549,1
84,5
407,1
229,2
639,1
298,2
405,1
268,2
81,5
519,1
35,6
636,1
429,1
481,1
49,6
576,1
70,5
545,1
641,1
525,1
504,1
296,2
231,2
463,1
67,5
155,3
86,5
534,1
434,1
102,4
284,2
270,2
40,6
179,3
25,7
158,3
195,2
483,1
7,10
123,3
366,1
330,2
283,2
260,2
462,1
576,1
456,1
379,1
96,4
442,1
253,2
481,1
424,1
433,1
46,6
161,3
618,1
103,4
175,3
473,1
531,1
220,2
340,2
417,1
25,7
395,1
712,1
87,5
531,1
723,1
471,1
337,2
230,2
174,3
199,2
502,1
547,1
334,2
34,6
36,6
610,1
452,1
272,2
624,1
715,1
590,1
705,1
261,2
48,6
51,6
461,1
351,2
216,2
723,1
42,6
94,4
37,6
118,4
470,1
197,2
696,1
581,1
403,1
307,2
426,1
503,1
639,1
25,7
172,3
124,3
166,3
20,7
413,1
495,1
657,1
695,1
208,2
653,1
496,1
144,3
392,1
2,13
597,1
187,2
111,4
335,2
593,1
690,1
267,2
283,2
514,1
650,1
109,4
675,1
410,1
272,2
388,1
367,1
393,1
679,1
513,1
225,2
216,2
431,1
485,1
130,3
620,1
678,1
186,2
88,5
182,2
189,2
339,2
138,3
384,1
203,2
461,1
251,2
531,1
668,1
222,2
1,14
176,3
412,1
115,4
371,1
100,4
364,2
229,2
375,1
411,1
274,2
261,2
199,2
555,1
690,1
247,2
367,1
658,1
352,2
531,1
119,4
583,1
555,1
254,2
12,8
656,1
680,1
701,1
23,7
468,1
244,2
422,1
220,2
294,2
309,2
63,5
422,1
129,3
102,4
180,3
427,1
72,5
447,1
422,1
682,1
41,6
676,1
250,2
24,7
121,3
399,1
72,5
340,2
563,1
173,3
46,6
362,2
216,2
130,3
362,2
539,1
605,1
267,2
692,1
730,1
361,2
426,1
195,2
396,1
499,1
571,1
304,2
376,1
718,1
262,2
518,1
336,2
483,1
309,2
543,1
332,2
78,5
684,1
62,5
314,2
49,6
434,1
135,3
470,1
480,1
470,1
366,1
106,4
304,2
494,1
628,1
119,4
693,1
59,6
98,4
171,3
100,4
93,4
425,1
152,3
222,2
719,1
273,2
312,2
553,1
22,7
454,1
355,2
109,4
277,2
153,3
321,2
448,1
681,1
728,1
151,3
16,7
710,1
555,1
150,3
99,4
49,6
242,2
527,1
600,1
478,1
22,7
83,5
417,1
53,6
304,2
401,1
697,1
87,5
63,5
322,2
557,1
447,1
501,1
457,1
457,1
628,1
580,1
610,1
512,1
13,8
201,2
166,3
457,1
690,1
511,1
702,1
346,2
133,3
462,1
278,2
302,2
474,1
16,7
484,1
521,1
301,2
500,1
305,2
5,11
438,1
83,5
231,2
419,1
120,4
510,1
479,1
79,5
598,1
370,1
715,1
43,6
281,2
418,1
544,1
481,1
505,1
729,1
457,1
109,4
381,1
660,1
691,1
680,1
324,2
619,1
518,1
693,1
697,1
651,1
82,5
529,1
667,1
669,1
532,1
619,1
419,1
133,3
109,4
248,2
544,1
221,2
205,2
288,2
408,1
546,1
294,2
253,2
420,1
471,1
429,1
643,1
25,7
487,1
295,2
352,2
694,1
296,2
364,2
557,1
132,3
376,1
356,2
84,5
330,2
127,3
258,2
631,1
523,1
674,1
647,1
711,1
290,2
111,4
519,1
659,1
499,1
446,1
437,1
297,2
44,6
488,1
159,3
167,3
649,1
595,1
393,1
501,1
361,2
265,2
699,1
348,2
347,2
16,7
196,2
560,1
566,1
470,1
30,7
47,6
610,1
714,1
721,1
714,1
296,2
265,2
192,2
292,2
648,1
484,1
308,2
323,2
152,3
349,2
711,1
280,2
246,2
391,1
68,5
313,2
73,5
578,1
442,1
86,5
354,2
65,5
109,4
632,1
333,2
174,3
667,1
609,1
668,1
344,2
157,3
3,12
60,6
246,2
472,1
131,3
157,3
257,2
327,2
554,1
407,1
147,3
558,1
231,2
688,1
391,1
12,8
635,1
119,4
693,1
228,2
38,6
595,1
456,1
211,2
106,4
248,2
109,4
724,1
688,1
229,2
235,2
522,1
366,1
641,1
15,7
388,1
718,1
56,6
104,4
573,1
548,1
138,3
21,7
675,1
476,1
404,1
83,5
508,1
509,1
438,1
127,3
343,2
103,4
2,13
415,1
501,1
42,6
643,1
478,1
473,1
676,1
576,1
103,4
581,1
38,6
663,1
161,3
604,1
17,7
450,1
401,1
236,2
152,3
108,4
571,1
203,2
681,1
91,4
682,1
113,4
181,2
664,1
479,1
643,1
48,6
297,2
123,3
677,1
222,2
261,2
573,1
70,5
130,3
338,2
252,2
434,1
325,2
98,4
122,3
427,1
43,6
401,1
534,1
95,4
512,1
326,2
491,1
314,2
259,2
241,2
151,3
366,1
291,2
150,3
557,1
118,4
474,1
346,2
3,12
498,1
672,1
668,1
45,6
675,1
571,1
668,1
68,5
195,2
224,2
234,2
446,1
199,2
556,1
220,2
406,1
75,5
423,1
635,1
548,1
160,3
643,1
586,1
312,2
56,6
485,1
231,2
694,1
334,2
695,1
122,3
298,2
687,1
196,2
3,12
511,1
352,2
462,1
513,1
214,2
447,1
726,1
708,1
316,2
299,2
150,3
207,2
519,1
480,1
82,5
670,1
172,3
692,1
174,3
623,1
658,1
639,1
445,1
525,1
170,3
151,3
339,2
215,2
219,2
18,7
349,2
111,4
629,1
502,1
164,3
587,1
654,1
311,2
215,2
323,2
142,3
632,1
707,1
613,1
537,1
593,1
710,1
533,1
727,1
442,1
672,1
628,1
635,1
217,2
330,2
644,1
494,1
313,2
232,2
300,2
238,2
163,3
540,1
360,2
130,3
165,3
243,2
187,2
5,11
716,1
219,2
307,2
346,2
558,1
221,2
10,9
181,2
503,1
66,5
282,2
193,2
402,1
162,3
575,1
418,1
611,1
441,1
28,7
140,3
352,2
210,2
58,6
127,3
230,2
424,1
191,2
304,2
570,1
144,3
34,6
620,1
204,2
230,2
478,1
100,4
682,1
683,1
660,1
660,1
660,1
353,2
160,3
109,4
322,2
34,6
40,6
476,1
174,3
459,1
369,1
490,1
459,1
62,5
75,5
349,2
636,1
448,1
361,2
213,2
70,5
109,4
487,1
459,1
537,1
665,1
668,1
144,3
592,1
318,2
486,1
684,1
317,2
406,1
151,3
75,5
584,1
74,5
46,6
454,1
45,6
134,3
65,5
579,1
387,1
399,1
595,1
701,1
373,1
376,1
79,5
366,1
627,1
394,1
15,7
486,1
653,1
385,1
275,2
531,1
358,2
361,2
63,5
430,1
203,2
4,11
2,13
472,1
244,2
641,1
529,1
576,1
707,1
379,1
122,3
465,1
273,2
96,4
114,4
388,1
95,4
254,2
346,2
400,1
584,1
706,1
141,3
670,1
377,1
303,2
535,1
685,1
289,2
427,1
78,5
667,1
377,1
367,1
120,4
196,2
416,1
384,1
420,1
654,1
43,6
670,1
74,5
711,1
396,1
605,1
663,1
94,4
28,7
341,2
355,2
384,1
652,1
653,1
291,2
171,3
435,1
547,1
256,2
560,1
477,1
700,1
406,1
134,3
294,2
294,2
682,1
307,2
467,1
383,1
189,2
494,1
470,1
360,2
593,1
672,1
514,1
135,3
92,4
210,2
660,1
357,2
714,1
452,1
459,1
546,1
484,1
96,4
520,1
528,1
227,2
613,1
566,1
440,1
451,1
605,1
489,1
337,2
33,6
301,2
664,1
707,1
701,1
631,1
649,1
562,1
315,2
489,1
96,4
259,2
623,1
213,2
291,2
258,2
606,1
30,7
575,1
420,1
520,1
152,3
701,1
715,1
333,2
563,1
305,2
233,2
664,1
602,1
136,3
235,2
330,2
142,3
385,1
337,2
555,1
242,2
149,3
486,1
374,1
190,2
112,4
383,1
155,3
535,1
363,2
492,1
478,1
724,1
194,2
8,9
409,1
408,1
581,1
694,1
265,2
382,1
346,2
372,1
70,5
333,2
331,2
544,1
184,2
576,1
632,1
516,1
308,2
104,4
31,6
228,2
54,6
459,1
662,1
23,7
24,7
498,1
545,1
365,2
549,1
424,1
426,1
539,1
437,1
343,2
377,1
360,2
367,1
293,2
111,4
240,2
430,1
658,1
77,5
531,1
465,1
715,1
223,2
89,5
266,2
215,2
451,1
639,1
547,1
607,1
667,1
349,2
475,1
266,2
538,1
471,1
392,1
569,1
206,2
251,2
729,1
443,1
346,2
458,1
98,4
86,5
32,6
298,2
239,2
304,2
175,3
357,2
253,2
349,2
537,1
233,2
569,1
116,4
551,1
593,1
573,1
670,1
598,1
107,4
712,1
405,1
411,1
269,2
88,5
289,2
693,1
174,3
29,7
294,2
677,1
345,2
632,1
287,2
531,1
208,2
710,1
673,1
380,1
213,2
493,1
162,3
178,3
128,3
456,1
150,3
224,2
399,1
20,7
402,1
338,2
387,1
34,6
349,2
32,6
469,1
634,1
599,1
159,3
143,3
84,5
584,1
315,2
60,6
441,1
82,5
700,1
309,2
349,2
580,1
210,2
601,1
588,1
334,2
345,2
411,1
667,1
274,2
652,1
30,7
89,5
55,6
549,1
68,5
554,1
229,2
30,7
310,2
687,1
95,4
23,7
391,1
269,2
249,2
567,1
9,9
232,2
239,2
536,1
355,2
575,1
300,2
298,2
22,7
287,2
441,1
459,1
383,1
7,10
60,6
431,1
555,1
169,3
660,1
611,1
268,2
606,1
270,2
294,2
398,1
591,1
726,1
591,1
189,2
23,7
4,11
246,2
396,1
391,1
469,1
133,3
666,1
583,1
547,1
393,1
379,1
619,1
679,1
478,1
286,2
321,2
239,2
402,1
98,4
146,3
158,3
104,4
151,3
650,1
357,2
192,2
577,1
333,2
436,1
613,1
388,1
270,2
152,3
579,1
330,2
49,6
81,5
540,1
195,2
85,5
501,1
49,6
200,2
168,3
110,4
534,1
596,1
92,4
465,1
615,1
366,1
542,1
41,6
433,1
475,1
25,7
303,2
79,5
358,2
334,2
92,4
119,4
638,1
372,1
148,3
118,4
102,4
181,2
691,1
550,1
64,5
50,6
464,1
57,6
363,2
412,1
173,3
509,1
640,1
421,1
64,5
127,3
120,4
72,5
707,1
654,1
315,2
246,2
708,1
359,2
131,3
478,1
347,2
167,3
143,3
195,2
695,1
347,2
616,1
274,2
639,1
245,2
510,1
361,2
302,2
13,8
675,1
251,2
175,3
195,2
103,4
2,13
328,2
44,6
682,1
428,1
675,1
80,5
633,1
487,1
442,1
674,1
337,2
608,1
172,3
675,1
457,1
281,2
229,2
327,2
683,1
73,5
284,2
11,8
373,1
343,2
201,2
127,3
89,5
438,1
348,2
183,2
263,2
264,2
139,3
305,2
578,1
714,1
150,3
269,2
655,1
693,1
546,1
184,2
578,1
75,5
682,1
475,1
195,2
564,1
666,1
300,2
330,2
111,4
567,1
162,3
655,1
277,2
249,2
307,2
209,2
191,2
343,2
285,2
323,2
523,1
68,5
396,1
700,1
69,5
242,2
17,7
214,2
175,3
554,1
545,1
393,1
475,1
388,1
100,4
707,1
687,1
65,5
295,2
139,3
201,2
144,3
66,5
306,2
717,1
209,2
293,2
247,2
452,1
21,7
524,1
686,1
366,1
367,1
531,1
264,2
290,2
170,3
378,1
387,1
463,1
12,8
292,2
234,2
212,2
298,2
31,6
242,2
258,2
203,2
438,1
207,2
489,1
346,2
107,4
702,1
125,3
95,4
509,1
80,5
195,2
543,1
197,2
101,4
499,1
221,2
635,1
401,1
402,1
510,1
560,1
558,1
421,1
647,1
108,4
426,1
242,2
326,2
631,1
600,1
514,1
603,1
510,1
264,2
650,1
221,2
218,2
178,3
65,5
481,1
153,3
134,3
404,1
444,1
472,1
348,2
490,1
252,2
11,8
426,1
27,7
81,5
18,7
362,2
587,1
106,4
524,1
691,1
119,4
205,2
485,1
223,2
678,1
227,2
34,6
516,1
204,2
599,1
707,1
608,1
371,1
98,4
123,3
682,1
350,2
663,1
585,1
255,2
101,4
566,1
181,2
569,1
583,1
350,2
116,4
566,1
226,2
115,4
271,2
659,1
281,2
593,1
245,2
355,2
494,1
641,1
702,1
120,4
122,3
137,3
150,3
658,1
469,1
541,1
391,1
468,1
681,1
363,2
710,1
109,4
605,1
217,2
177,3
657,1
517,1
76,5
18,7
327,2
579,1
271,2
207,2
215,2
657,1
611,1
120,4
22,7
583,1
640,1
79,5
153,3
249,2
562,1
616,1
226,2
701,1
143,3
554,1
314,2
249,2
707,1
693,1
227,2
57,6
419,1
144,3
578,1
471,1
398,1
122,3
466,1
641,1
584,1
53,6
722,1
691,1
60,6
729,1
254,2
242,2
238,2
472,1
470,1
174,3
519,1
502,1
584,1
501,1
325,2
73,5
359,2
131,3
181,2
174,3
104,4
584,1
182,2
550,1
243,2
469,1
333,2
97,4
530,1
1,14
645,1
422,1
627,1
428,1
659,1
150,3
405,1
12,8
430,1
300,2
556,1
256,2
407,1
429,1
28,7
245,2
493,1
682,1
215,2
277,2
381,1
404,1
399,1
58,6
368,1
314,2
574,1
108,4
299,2
10,9
225,2
474,1
402,1
646,1
223,2
123,3
479,1
330,2
300,2
124,3
704,1
667,1
28,7
164,3
566,1
476,1
303,2
355,2
130,3
586,1
266,2
611,1
289,2
241,2
431,1
64,5
109,4
551,1
251,2
594,1
202,2
327,2
576,1
726,1
152,3
290,2
351,2
125,3
530,1
173,3
242,2
220,2
610,1
725,1
680,1
82,5
671,1
133,3
498,1
222,2
695,1
97,4
274,2
706,1
157,3
37,6
208,2
366,1
175,3
565,1
248,2
565,1
447,1
579,1
651,1
581,1
364,2
451,1
416,1
239,2
266,2
655,1
273,2
646,1
66,5
3,12
72,5
475,1
108,4
182,2
239,2
596,1
658,1
532,1
156,3
147,3
222,2
534,1
546,1
258,2
22,7
550,1
707,1
500,1
416,1
392,1
709,1
7,10
233,2
634,1
312,2
643,1
9,9
536,1
663,1
61,5
713,1
296,2
504,1
668,1
579,1
101,4
383,1
573,1
615,1
479,1
95,4
580,1
359,2
213,2
83,5
221,2
20,7
352,2
385,1
391,1
324,2
40,6
136,3
389,1
56,6
243,2
614,1
534,1
348,2
45,6
483,1
596,1
728,1
141,3
85,5
533,1
157,3
523,1
572,1
636,1
581,1
65,5
279,2
212,2
334,2
29,7
670,1
215,2
271,2
490,1
477,1
465,1
447,1
88,5
63,5
483,1
568,1
516,1
628,1
675,1
452,1
459,1
655,1
397,1
146,3
127,3
101,4
293,2
56,6
625,1
109,4
429,1
219,2
105,4
353,2
106,4
370,1
614,1
672,1
37,6
682,1
184,2
503,1
232,2
444,1
248,2
555,1
592,1
556,1
692,1
174,3
91,4
229,2
159,3
439,1
335,2
521,1
294,2
215,2
454,1
586,1
274,2
278,2
234,2
621,1
398,1
117,4
394,1
327,2
567,1
205,2
600,1
80,5
558,1
131,3
118,4
538,1
288,2
27,7
209,2
449,1
44,6
464,1
403,1
149,3
708,1
461,1
401,1
154,3
73,5
457,1
657,1
379,1
210,2
41,6
427,1
40,6
298,2
52,6
457,1
639,1
536,1
441,1
183,2
148,3
351,2
209,2
327,2
589,1
331,2
519,1
98,4
293,2
706,1
609,1
37,6
375,1
88,5
256,2
718,1
366,1
216,2
609,1
370,1
472,1
407,1
231,2
475,1
144,3
468,1
523,1
724,1
272,2
314,2
687,1
314,2
468,1
695,1
563,1
638,1
123,3
52,6
57,6
52,6
309,2
555,1
285,2
339,2
533,1
233,2
235,2
427,1
156,3
304,2
557,1
4,11
77,5
412,1
683,1
638,1
52,6
388,1
31,6
449,1
675,1
494,1
65,5
697,1
125,3
167,3
384,1
695,1
172,3
18,7
88,5
466,1
493,1
442,1
705,1
725,1
274,2
187,2
2,13
319,2
13,8
304,2
192,2
493,1
320,2
82,5
712,1
622,1
497,1
44,6
417,1
501,1
343,2
256,2
610,1
690,1
711,1
212,2
80,5
400,1
390,1
440,1
397,1
679,1
521,1
522,1
721,1
626,1
64,5
287,2
111,4
156,3
531,1
494,1
204,2
293,2
143,3
687,1
543,1
99,4
176,3
332,2
106,4
220,2
510,1
467,1
494,1
141,3
676,1
119,4
618,1
393,1
723,1
714,1
631,1
69,5
188,2
620,1
108,4
258,2
468,1
500,1
27,7
381,1
509,1
9,9
117,4
150,3
721,1
729,1
688,1
578,1
113,4
511,1
594,1
37,6
85,5
371,1
240,2
559,1
189,2
378,1
702,1
640,1
198,2
215,2
707,1
640,1
219,2
520,1
263,2
604,1
494,1
116,4
681,1
654,1
311,2
294,2
656,1
247,2
690,1
128,3
475,1
152,3
289,2
52,6
382,1
617,1
318,2
224,2
683,1
80,5
276,2
156,3
549,1
125,3
82,5
530,1
222,2
551,1
314,2
160,3
229,2
479,1
529,1
435,1
430,1
179,3
477,1
432,1
497,1
177,3
600,1
238,2
694,1
606,1
307,2
141,3
264,2
255,2
6,10
340,2
526,1
445,1
495,1
116,4
567,1
87,5
612,1
620,1
227,2
235,2
311,2
476,1
451,1
688,1
409,1
546,1
462,1
420,1
295,2
159,3
565,1
16,7
114,4
178,3
358,2
122,3
651,1
336,2
243,2
259,2
724,1
568,1
257,2
311,2
712,1
173,3
24,7
370,1
650,1
119,4
499,1
523,1
129,3
285,2
201,2
429,1
37,6
628,1
458,1
372,1
547,1
209,2
271,2
368,1
19,7
618,1
703,1
455,1
251,2
457,1
14,8
471,1
211,2
429,1
50,6
346,2
132,3
444,1
126,3
516,1
179,3
82,5
230,2
510,1
495,1
632,1
715,1
11,8
429,1
406,1
70,5
712,1
680,1
1,14
589,1
178,3
597,1
494,1
110,4
365,2
177,3
542,1
38,6
713,1
434,1
524,1
586,1
549,1
178,3
387,1
412,1
56,6
613,1
65,5
627,1
32,6
670,1
599,1
551,1
14,8
117,4
656,1
417,1
174,3
491,1
717,1
103,4
45,6
502,1
17,7
600,1
279,2
165,3
577,1
121,3
325,2
672,1
448,1
287,2
374,1
707,1
349,2
646,1
320,2
663,1
88,5
112,4
582,1
219,2
313,2
126,3
73,5
361,2
519,1
194,2
582,1
705,1
493,1
48,6
597,1
343,2
388,1
504,1
448,1
160,3
101,4
419,1
520,1
452,1
53,6
243,2
288,2
449,1
184,2
63,5
336,2
707,1
205,2
400,1
575,1
26,7
88,5
677,1
561,1
116,4
635,1
189,2
331,2
255,2
278,2
387,1
482,1
611,1
199,2
148,3
385,1
287,2
305,2
642,1
692,1
252,2
119,4
335,2
684,1
632,1
321,2
45,6
70,5
552,1
673,1
358,2
466,1
582,1
677,1
78,5
375,1
657,1
58,6
17,7
74,5
184,2
80,5
551,1
369,1
653,1
86,5
236,2
587,1
118,4
677,1
281,2
96,4
727,1
279,2
354,2
380,1
154,3
304,2
197,2
46,6
65,5
486,1
90,5
572,1
661,1
652,1
425,1
7,10
353,2
252,2
202,2
602,1
270,2
79,5
124,3
185,2
682,1
593,1
570,1
590,1
288,2
257,2
127,3
304,2
423,1
10,9
608,1
603,1
158,3
286,2
52,6
580,1
94,4
539,1
645,1
454,1
489,1
176,3
228,2
123,3
615,1
120,4
117,4
91,4
556,1
624,1
520,1
65,5
668,1
616,1
332,2
352,2
381,1
167,3
3,12
313,2
652,1
63,5
334,2
334,2
192,2
545,1
643,1
521,1
308,2
630,1
678,1
415,1
35,6
392,1
76,5
724,1
175,3
131,3
42,6
24,7
684,1
155,3
527,1
5,11
646,1
66,5
127,3
727,1
31,6
428,1
231,2
661,1
16,7
69,5
602,1
667,1
471,1
601,1
725,1
49,6
640,1
702,1
618,1
35,6
361,2
189,2
163,3
238,2
636,1
260,2
355,2
210,2
221,2
57,6
261,2
591,1
591,1
344,2
491,1
539,1
643,1
242,2
618,1
481,1
163,3
679,1
469,1
295,2
590,1
252,2
392,1
383,1
116,4
58,6
511,1
395,1
265,2
213,2
446,1
215,2
726,1
468,1
506,1
106,4
668,1
13,8
14,8
53,6
552,1
329,2
92,4
148,3
583,1
654,1
541,1
208,2
619,1
722,1
254,2
679,1
441,1
407,1
565,1
61,5
726,1
686,1
345,2
594,1
228,2
591,1
207,2
250,2
536,1
670,1
149,3
200,2
667,1
631,1
309,2
229,2
508,1
472,1
199,2
646,1
718,1
558,1
334,2
318,2
137,3
197,2
298,2
684,1
429,1
498,1
553,1
477,1
19,7
54,6
488,1
563,1
681,1
7,10
630,1
67,5
364,2
585,1
675,1
362,2
569,1
664,1
700,1
494,1
573,1
120,4
627,1
443,1
261,2
116,4
709,1
615,1
511,1
12,8
223,2
556,1
275,2
287,2
631,1
42,6
496,1
569,1
164,3
437,1
148,3
40,6
375,1
163,3
453,1
368,1
24,7
603,1
6,10
514,1
197,2
175,3
390,1
229,2
679,1
84,5
314,2
298,2
35,6
705,1
27,7
171,3
702,1
462,1
197,2
434,1
463,1
6,10
203,2
125,3
655,1
19,7
282,2
571,1
55,6
432,1
82,5
496,1
493,1
336,2
583,1
241,2
386,1
673,1
716,1
351,2
287,2
179,3
725,1
110,4
68,5
107,4
641,1
240,2
31,6
507,1
388,1
138,3
261,2
143,3
701,1
651,1
371,1
248,2
531,1
65,5
725,1
126,3
622,1
326,2
580,1
306,2
530,1
606,1
94,4
73,5
138,3
111,4
419,1
92,4
642,1
233,2
635,1
251,2
207,2
672,1
56,6
418,1
343,2
682,1
640,1
316,2
463,1
538,1
608,1
307,2
399,1
727,1
60,6
189,2
662,1
300,2
182,2
659,1
46,6
307,2
103,4
96,4
699,1
451,1
374,1
693,1
163,3
92,4
592,1
582,1
558,1
215,2
696,1
107,4
25,7
510,1
140,3
350,2
147,3
649,1
351,2
410,1
582,1
728,1
636,1
32,6
264,2
572,1
123,3
15,7
282,2
325,2
719,1
225,2
709,1
576,1
207,2
662,1
142,3
16,7
112,4
394,1
547,1
501,1
410,1
422,1
329,2
394,1
432,1
223,2
716,1
178,3
251,2
558,1
300,2
24,7
175,3
113,4
697,1
128,3
175,3
297,2
444,1
724,1
510,1
64,5
555,1
548,1
361,2
622,1
432,1
359,2
21,7
93,4
12,8
334,2
675,1
282,2
17,7
364,2
244,2
507,1
304,2
267,2
663,1
9,9
289,2
329,2
361,2
699,1
566,1
706,1
513,1
159,3
389,1
71,5
477,1
528,1
653,1
418,1
643,1
399,1
279,2
503,1
341,2
245,2
344,2
708,1
453,1
611,1
417,1
283,2
304,2
36,6
359,2
703,1
719,1
54,6
683,1
276,2
236,2
483,1
526,1
18,7
239,2
71,5
620,1
549,1
398,1
482,1
171,3
247,2
328,2
346,2
385,1
143,3
220,2
130,3
554,1
201,2
364,2
116,4
400,1
214,2
409,1
426,1
486,1
192,2
391,1
603,1
289,2
631,1
634,1
428,1
397,1
182,2
691,1
230,2
487,1
676,1
72,5
649,1
703,1
110,4
489,1
189,2
408,1
198,2
509,1
693,1
436,1
636,1
402,1
566,1
319,2
117,4
587,1
601,1
386,1
541,1
295,2
318,2
306,2
479,1
532,1
174,3
127,3
562,1
191,2
729,1
13,8
584,1
289,2
619,1
228,2
319,2
255,2
168,3
552,1
572,1
447,1
44,6
450,1
664,1
699,1
97,4
170,3
275,2
637,1
407,1
170,3
415,1
214,2
147,3
139,3
36,6
142,3
174,3
283,2
116,4
126,3
277,2
367,1
625,1
420,1
313,2
449,1
96,4
348,2
229,2
564,1
455,1
562,1
80,5
556,1
266,2
603,1
7,10
303,2
162,3
65,5
158,3
173,3
105,4
230,2
461,1
584,1
582,1
727,1
614,1
502,1
298,2
573,1
458,1
84,5
168,3
54,6
266,2
92,4
359,2
495,1
118,4
629,1
354,2
162,3
359,2
453,1
206,2
24,7
298,2
581,1
444,1
60,6
390,1
38,6
564,1
307,2
389,1
353,2
642,1
384,1
448,1
87,5
606,1
527,1
191,2
353,2
689,1
301,2
101,4
488,1
576,1
423,1
97,4
259,2
473,1
505,1
220,2
12,8
300,2
621,1
687,1
209,2
272,2
230,2
524,1
62,5
636,1
714,1
397,1
716,1
343,2
47,6
138,3
569,1
556,1
64,5
607,1
27,7
135,3
487,1
246,2
425,1
581,1
342,2
393,1
339,2
327,2
309,2
726,1
482,1
700,1
23,7
344,2
249,2
701,1
278,2
89,5
335,2
233,2
41,6
153,3
282,2
9,9
677,1
104,4
680,1
174,3
189,2
289,2
614,1
455,1
542,1
493,1
473,1
236,2
341,2
96,4
434,1
723,1
103,4
212,2
680,1
85,5
207,2
504,1
614,1
386,1
67,5
702,1
679,1
470,1
614,1
153,3
473,1
680,1
463,1
413,1
424,1
138,3
287,2
182,2
631,1
385,1
310,2
492,1
422,1
320,2
199,2
586,1
377,1
666,1
678,1
257,2
168,3
242,2
632,1
443,1
195,2
653,1
400,1
74,5
393,1
63,5
43,6
537,1
19,7
515,1
703,1
673,1
210,2
490,1
107,4
5,11
667,1
677,1
434,1
183,2
622,1
81,5
49,6
269,2
329,2
600,1
148,3
43,6
188,2
293,2
337,2
495,1
395,1
35,6
402,1
228,2
439,1
75,5
499,1
588,1
220,2
464,1
57,6
576,1
668,1
609,1
423,1
149,3
214,2
267,2
641,1
636,1
511,1
462,1
535,1
455,1
58,6
493,1
9,9
182,2
15,7
370,1
505,1
150,3
130,3
336,2
258,2
78,5
242,2
95,4
604,1
18,7
447,1
416,1
631,1
465,1
357,2
703,1
96,4
265,2
81,5
395,1
416,1
261,2
708,1
480,1
338,2
163,3
320,2
630,1
81,5
195,2
380,1
640,1
198,2
684,1
709,1
572,1
3,12
308,2
624,1
649,1
698,1
204,2
10,9
390,1
32,6
213,2
555,1
83,5
192,2
583,1
17,7
414,1
56,6
274,2
631,1
292,2
275,2
506,1
131,3
371,1
177,3
342,2
101,4
69,5
233,2
198,2
86,5
259,2
32,6
409,1
113,4
384,1
248,2
100,4
260,2
172,3
564,1
730,1
379,1
431,1
263,2
375,1
386,1
121,3
573,1
466,1
265,2
113,4
344,2
588,1
46,6
683,1
241,2
36,6
711,1
575,1
605,1
222,2
292,2
393,1
514,1
345,2
430,1
137,3
616,1
192,2
149,3
67,5
720,1
561,1
670,1
529,1
531,1
198,2
219,2
371,1
701,1
25,7
49,6
227,2
348,2
197,2
143,3
250,2
159,3
605,1
5,11
691,1
453,1
493,1
362,2
172,3
587,1
505,1
255,2
399,1
37,6
102,4
409,1
503,1
573,1
263,2
242,2
281,2
497,1
140,3
92,4
378,1
451,1
188,2
697,1
454,1
472,1
671,1
594,1
500,1
332,2
543,1
182,2
15,7
665,1
367,1
27,7
227,2
19,7
195,2
584,1
359,2
186,2
361,2
20,7
574,1
177,3
632,1
702,1
226,2
550,1
102,4
264,2
669,1
274,2
610,1
89,5
204,2
630,1
57,6
247,2
12,8
721,1
319,2
483,1
464,1
456,1
654,1
144,3
510,1
642,1
664,1
238,2
475,1
63,5
494,1
201,2
157,3
325,2
260,2
261,2
118,4
428,1
176,3
517,1
412,1
92,4
7,10
142,3
591,1
162,3
417,1
348,2
488,1
324,2
411,1
415,1
182,2
354,2
40,6
578,1
566,1
247,2
181,2
410,1
535,1
250,2
85,5
535,1
533,1
90,5
653,1
529,1
166,3
722,1
479,1
465,1
607,1
688,1
177,3
580,1
609,1
340,2
712,1
274,2
710,1
45,6
641,1
584,1
674,1
208,2
358,2
427,1
616,1
191,2
411,1
567,1
136,3
383,1
303,2
213,2
28,7
575,1
266,2
391,1
3,12
43,6
362,2
232,2
402,1
371,1
444,1
110,4
637,1
188,2
730,1
149,3
182,2
678,1
653,1
333,2
440,1
619,1
59,6
710,1
563,1
479,1
459,1
210,2
566,1
529,1
673,1
635,1
60,6
725,1
664,1
468,1
606,1
59,6
91,4
117,4
667,1
385,1
194,2
218,2
94,4
164,3
1,14
212,2
43,6
590,1
693,1
8,9
119,4
460,1
33,6
358,2
644,1
568,1
563,1
4,11
614,1
674,1
546,1
544,1
639,1
307,2
197,2
385,1
529,1
180,3
495,1
218,2
30,7
235,2
304,2
404,1
315,2
68,5
578,1
507,1
430,1
466,1
668,1
264,2
159,3
29,7
402,1
578,1
413,1
219,2
111,4
599,1
267,2
437,1
478,1
532,1
224,2
214,2
306,2
93,4
67,5
71,5
338,2
452,1
601,1
426,1
270,2
513,1
291,2
79,5
226,2
350,2
652,1
519,1
74,5
676,1
712,1
376,1
82,5
46,6
500,1
496,1
276,2
278,2
656,1
451,1
591,1
340,2
111,4
216,2
707,1
116,4
534,1
204,2
540,1
367,1
344,2
232,2
541,1
6,10
121,3
74,5
87,5
510,1
55,6
610,1
168,3
4,11
412,1
23,7
670,1
625,1
88,5
103,4
304,2
586,1
148,3
433,1
564,1
511,1
180,3
454,1
27,7
6,10
184,2
653,1
513,1
265,2
59,6
715,1
374,1
658,1
147,3
20,7
491,1
264,2
60,6
38,6
35,6
124,3
701,1
215,2
539,1
608,1
558,1
410,1
31,6
160,3
301,2
316,2
310,2
13,8
34,6
283,2
713,1
726,1
541,1
172,3
370,1
581,1
253,2
547,1
166,3
167,3
551,1
660,1
534,1
112,4
95,4
432,1
168,3
326,2
542,1
590,1
55,6
144,3
260,2
384,1
323,2
658,1
405,1
477,1
695,1
172,3
38,6
16,7
235,2
637,1
297,2
177,3
116,4
388,1
5,11
87,5
404,1
660,1
141,3
334,2
519,1
318,2
649,1
170,3
628,1
311,2
269,2
68,5
709,1
505,1
726,1
414,1
179,3
51,6
665,1
519,1
503,1
160,3
490,1
648,1
297,2
389,1
33,6
551,1
183,2
494,1
416,1
386,1
19,7
189,2
86,5
291,2
619,1
695,1
135,3
469,1
494,1
628,1
533,1
57,6
134,3
552,1
366,1
334,2
266,2
625,1
467,1
691,1
625,1
114,4
426,1
51,6
689,1
77,5
226,2
531,1
295,2
194,2
346,2
190,2
566,1
591,1
513,1
511,1
417,1
415,1
353,2
290,2
466,1
712,1
429,1
238,2
145,3
484,1
194,2
119,4
225,2
458,1
366,1
235,2
164,3
425,1
724,1
591,1
76,5
404,1
52,6
354,2
402,1
215,2
701,1
278,2
433,1
422,1
460,1
314,2
504,1
221,2
145,3
657,1
66,5
16,7
11,8
258,2
361,2
350,2
15,7
106,4
128,3
654,1
660,1
659,1
584,1
457,1
559,1
298,2
725,1
502,1
628,1
151,3
245,2
176,3
373,1
132,3
461,1
239,2
402,1
432,1
141,3
39,6
684,1
520,1
332,2
515,1
205,2
429,1
436,1
95,4
622,1
287,2
6,10
405,1
641,1
369,1
692,1
388,1
93,4
117,4
658,1
661,1
353,2
555,1
426,1
113,4
214,2
303,2
680,1
699,1
676,1
404,1
176,3
92,4
454,1
542,1
726,1
613,1
247,2
348,2
683,1
110,4
590,1
393,1
557,1
472,1
728,1
147,3
476,1
407,1
389,1
643,1
344,2
279,2
440,1
567,1
472,1
515,1
348,2
142,3
414,1
629,1
9,9
213,2
102,4
94,4
254,2
694,1
210,2
601,1
262,2
399,1
619,1
109,4
201,2
146,3
417,1
529,1
409,1
535,1
514,1
423,1
671,1
506,1
551,1
282,2
228,2
377,1
669,1
560,1
480,1
377,1
50,6
532,1
726,1
273,2
335,2
15,7
529,1
659,1
700,1
469,1
383,1
270,2
563,1
577,1
618,1
470,1
682,1
223,2
207,2
52,6
299,2
690,1
698,1
408,1
296,2
327,2
158,3
713,1
511,1
132,3
178,3
194,2
458,1
293,2
213,2
603,1
559,1
575,1
170,3
28,7
677,1
270,2
407,1
611,1
488,1
637,1
161,3
165,3
242,2
652,1
311,2
696,1
459,1
582,1
530,1
328,2
398,1
662,1
261,2
708,1
688,1
24,7
170,3
15,7
667,1
636,1
691,1
403,1
419,1
64,5
600,1
472,1
581,1
191,2
687,1
649,1
167,3
7,10
497,1
81,5
176,3
447,1
266,2
49,6
402,1
617,1
351,2
525,1
601,1
622,1
687,1
171,3
711,1
94,4
234,2
472,1
271,2
508,1
121,3
503,1
607,1
498,1
86,5
589,1
420,1
473,1
25,7
719,1
210,2
127,3
613,1
653,1
157,3
363,2
337,2
426,1
279,2
247,2
631,1
241,2
84,5
214,2
538,1
32,6
215,2
426,1
650,1
249,2
363,2
549,1
42,6
463,1
250,2
402,1
122,3
302,2
34,6
321,2
94,4
137,3
534,1
341,2
58,6
697,1
162,3
341,2
316,2
646,1
581,1
691,1
18,7
73,5
448,1
209,2
655,1
7,10
45,6
411,1
561,1
463,1
651,1
60,6
97,4
156,3
175,3
182,2
609,1
691,1
345,2
165,3
442,1
25,7
401,1
36,6
49,6
45,6
504,1
678,1
633,1
718,1
653,1
571,1
302,2
567,1
258,2
353,2
463,1
363,2
9,9
407,1
208,2
235,2
310,2
331,2
645,1
539,1
414,1
694,1
450,1
128,3
242,2
561,1
35,6
541,1
199,2
353,2
486,1
329,2
144,3
714,1
456,1
216,2
18,7
65,5
459,1
607,1
723,1
118,4
316,2
493,1
333,2
37,6
633,1
359,2
30,7
123,3
508,1
423,1
168,3
492,1
579,1
243,2
575,1
211,2
47,6
72,5
644,1
127,3
484,1
477,1
679,1
603,1
42,6
55,6
131,3
718,1
269,2
109,4
258,2
203,2
451,1
355,2
108,4
522,1
270,2
228,2
301,2
600,1
530,1
680,1
441,1
224,2
457,1
396,1
64,5
193,2
639,1
685,1
704,1
338,2
152,3
685,1
425,1
506,1
536,1
109,4
355,2
662,1
410,1
43,6
30,7
53,6
529,1
628,1
140,3
6,10
66,5
179,3
43,6
312,2
101,4
270,2
608,1
553,1
657,1
258,2
433,1
459,1
467,1
624,1
712,1
709,1
720,1
109,4
289,2
515,1
284,2
214,2
558,1
334,2
728,1
701,1
596,1
686,1
522,1
230,2
331,2
3,12
98,4
585,1
205,2
720,1
341,2
342,2
113,4
603,1
632,1
528,1
30,7
515,1
636,1
224,2
704,1
588,1
715,1
550,1
240,2
630,1
275,2
83,5
271,2
502,1
198,2
427,1
657,1
78,5
559,1
1,14
467,1
508,1
510,1
561,1
410,1
392,1
426,1
526,1
185,2
614,1
617,1
71,5
581,1
26,7
296,2
226,2
464,1
154,3
657,1
597,1
328,2
378,1
627,1
665,1
320,2
693,1
211,2
346,2
722,1
614,1
533,1
306,2
57,6
142,3
598,1
57,6
525,1
231,2
579,1
345,2
558,1
128,3
24,7
308,2
455,1
670,1
612,1
123,3
394,1
32,6
384,1
224,2
578,1
143,3
558,1
93,4
90,5
324,2
251,2
37,6
529,1
245,2
577,1
389,1
293,2
31,6
303,2
148,3
568,1
24,7
91,4
99,4
525,1
620,1
605,1
295,2
531,1
420,1
492,1
563,1
649,1
412,1
53,6
105,4
365,2
673,1
278,2
695,1
77,5
549,1
384,1
260,2
342,2
727,1
717,1
646,1
586,1
397,1
565,1
501,1
206,2
698,1
136,3
620,1
355,2
8,9
267,2
664,1
505,1
476,1
237,2
69,5
46,6
666,1
685,1
9,9
269,2
394,1
114,4
128,3
306,2
473,1
460,1
131,3
435,1
566,1
644,1
660,1
51,6
12,8
614,1
307,2
595,1
110,4
204,2
172,3
639,1
284,2
690,1
467,1
371,1
550,1
398,1
327,2
231,2
262,2
570,1
650,1
379,1
685,1
318,2
117,4
620,1
15,7
441,1
394,1
354,2
664,1
540,1
232,2
629,1
512,1
193,2
674,1
56,6
730,1
295,2
635,1
186,2
557,1
141,3
676,1
186,2
186,2
724,1
336,2
633,1
352,2
64,5
210,2
590,1
585,1
255,2
448,1
298,2
535,1
166,3
706,1
324,2
68,5
110,4
124,3
437,1
110,4
77,5
206,2
711,1
609,1
637,1
708,1
639,1
185,2
281,2
630,1
718,1
49,6
65,5
516,1
367,1
431,1
630,1
118,4
690,1
77,5
538,1
25,7
508,1
117,4
680,1
416,1
43,6
210,2
572,1
566,1
494,1
469,1
75,5
683,1
157,3
96,4
528,1
419,1
520,1
588,1
39,6
665,1
350,2
595,1
29,7
153,3
51,6
272,2
664,1
280,2
365,2
151,3
390,1
131,3
608,1
525,1
383,1
28,7
281,2
116,4
344,2
646,1
702,1
72,5
561,1
523,1
660,1
543,1
157,3
132,3
137,3
382,1
697,1
704,1
661,1
256,2
521,1
383,1
447,1
703,1
600,1
529,1
60,6
592,1
437,1
715,1
231,2
528,1
244,2
681,1
179,3
697,1
185,2
399,1
396,1
313,2
683,1
699,1
223,2
146,3
67,5
459,1
609,1
520,1
162,3
721,1
27,7
164,3
509,1
203,2
559,1
464,1
651,1
115,4
167,3
392,1
556,1
500,1
129,3
618,1
147,3
185,2
375,1
508,1
308,2
124,3
600,1
452,1
543,1
401,1
380,1
551,1
201,2
471,1
356,2
443,1
36,6
614,1
71,5
239,2
478,1
381,1
631,1
441,1
336,2
576,1
136,3
356,2
6,10
239,2
582,1
545,1
91,4
728,1
328,2
382,1
568,1
547,1
346,2
651,1
320,2
561,1
197,2
553,1
613,1
182,2
44,6
272,2
349,2
599,1
664,1
150,3
428,1
64,5
122,3
531,1
337,2
154,3
313,2
505,1
532,1
611,1
665,1
591,1
444,1
545,1
528,1
195,2
93,4
423,1
473,1
255,2
590,1
37,6
195,2
667,1
589,1
429,1
333,2
471,1
82,5
109,4
401,1
683,1
262,2
592,1
533,1
587,1
121,3
568,1
96,4
469,1
627,1
221,2
175,3
305,2
407,1
500,1
52,6
669,1
320,2
172,3
443,1
278,2
592,1
202,2
601,1
612,1
389,1
368,1
5,11
592,1
49,6
577,1
165,3
13,8
452,1
193,2
314,2
184,2
357,2
154,3
248,2
266,2
39,6
573,1
396,1
420,1
280,2
621,1
293,2
461,1
37,6
642,1
453,1
49,6
613,1
205,2
251,2
389,1
501,1
251,2
679,1
456,1
554,1
714,1
148,3
419,1
542,1
281,2
308,2
117,4
336,2
535,1
262,2
278,2
55,6
378,1
100,4
573,1
426,1
393,1
415,1
696,1
598,1
672,1
543,1
424,1
517,1
293,2
467,1
285,2
200,2
698,1
517,1
316,2
127,3
433,1
614,1
528,1
208,2
57,6
156,3
639,1
512,1
574,1
346,2
710,1
331,2
418,1
654,1
584,1
719,1
580,1
703,1
29,7
665,1
241,2
235,2
421,1
294,2
710,1
117,4
542,1
395,1
201,2
581,1
353,2
593,1
16,7
572,1
40,6
141,3
228,2
675,1
181,2
547,1
234,2
536,1
389,1
342,2
433,1
560,1
39,6
525,1
517,1
136,3
509,1
239,2
65,5
280,2
65,5
74,5
695,1
572,1
215,2
290,2
302,2
676,1
356,2
593,1
548,1
53,6
97,4
321,2
89,5
423,1
305,2
114,4
594,1
180,3
242,2
390,1
334,2
429,1
192,2
728,1
420,1
457,1
67,5
665,1
108,4
520,1
382,1
319,2
609,1
33,6
285,2
122,3
321,2
218,2
689,1
140,3
226,2
421,1
697,1
193,2
350,2
342,2
617,1
504,1
212,2
611,1
318,2
604,1
208,2
80,5
402,1
116,4
181,2
37,6
604,1
250,2
710,1
413,1
366,1
154,3
458,1
256,2
442,1
66,5
692,1
139,3
472,1
460,1
394,1
519,1
130,3
65,5
575,1
250,2
360,2
9,9
359,2
536,1
674,1
604,1
139,3
611,1
671,1
303,2
729,1
251,2
726,1
483,1
679,1
189,2
162,3
51,6
433,1
564,1
384,1
219,2
481,1
68,5
128,3
556,1
629,1
584,1
24,7
25,7
594,1
578,1
40,6
149,3
272,2
272,2
631,1
257,2
724,1
116,4
700,1
406,1
135,3
637,1
301,2
525,1
660,1
209,2
213,2
394,1
175,3
425,1
541,1
164,3
67,5
133,3
176,3
662,1
476,1
563,1
630,1
203,2
274,2
63,5
292,2
678,1
296,2
103,4
638,1
647,1
383,1
547,1
113,4
533,1
179,3
689,1
170,3
296,2
91,4
410,1
337,2
25,7
384,1
246,2
189,2
407,1
48,6
328,2
24,7
416,1
350,2
138,3
386,1
326,2
335,2
87,5
36,6
586,1
668,1
489,1
107,4
343,2
717,1
653,1
33,6
376,1
133,3
597,1
1,14
203,2
670,1
187,2
110,4
271,2
535,1
475,1
608,1
25,7
314,2
49,6
523,1
99,4
332,2
351,2
316,2
543,1
91,4
274,2
255,2
384,1
464,1
320,2
86,5
83,5
476,1
61,5
579,1
223,2
225,2
257,2
457,1
299,2
179,3
40,6
45,6
67,5
182,2
676,1
629,1
145,3
114,4
501,1
670,1
39,6
509,1
146,3
422,1
536,1
648,1
453,1
629,1
581,1
540,1
147,3
373,1
711,1
617,1
134,3
138,3
515,1
321,2
194,2
564,1
152,3
433,1
17,7
673,1
510,1
225,2
542,1
62,5
440,1
199,2
584,1
189,2
421,1
464,1
574,1
554,1
214,2
123,3
289,2
344,2
652,1
177,3
194,2
231,2
363,2
64,5
450,1
556,1
508,1
675,1
696,1
425,1
362,2
48,6
343,2
169,3
252,2
496,1
448,1
13,8
708,1
483,1
588,1
72,5
592,1
176,3
70,5
607,1
721,1
274,2
339,2
365,2
719,1
713,1
715,1
468,1
730,1
542,1
611,1
248,2
23,7
259,2
323,2
11,8
141,3
496,1
133,3
692,1
307,2
94,4
389,1
53,6
698,1
111,4
138,3
551,1
512,1
200,2
196,2
603,1
686,1
468,1
455,1
217,2
239,2
81,5
391,1
339,2
671,1
146,3
326,2
484,1
109,4
208,2
355,2
660,1
466,1
27,7
177,3
452,1
683,1
119,4
507,1
22,7
153,3
198,2
492,1
638,1
465,1
587,1
611,1
621,1
151,3
139,3
56,6
484,1
365,2
432,1
197,2
144,3
130,3
639,1
716,1
506,1
166,3
114,4
583,1
517,1
150,3
698,1
278,2
111,4
699,1
603,1
566,1
646,1
261,2
273,2
276,2
628,1
493,1
183,2
496,1
415,1
425,1
730,1
144,3
4,11
123,3
345,2
612,1
477,1
66,5
290,2
472,1
552,1
62,5
62,5
299,2
151,3
704,1
511,1
434,1
90,5
338,2
653,1
640,1
562,1
146,3
713,1
66,5
383,1
315,2
399,1
435,1
656,1
200,2
518,1
210,2
408,1
719,1
185,2
569,1
147,3
660,1
185,2
318,2
669,1
497,1
150,3
324,2
453,1
513,1
682,1
660,1
390,1
223,2
532,1
81,5
661,1
77,5
293,2
163,3
325,2
514,1
691,1
444,1
53,6
367,1
263,2
61,5
602,1
23,7
630,1
290,2
245,2
4,11
317,2
590,1
685,1
73,5
119,4
586,1
365,2
620,1
662,1
530,1
468,1
38,6
51,6
128,3
295,2
597,1
156,3
203,2
367,1
515,1
128,3
545,1
30,7
283,2
135,3
177,3
299,2
288,2
17,7
670,1
580,1
5,11
488,1
497,1
216,2
548,1
31,6
336,2
123,3
17,7
664,1
42,6
499,1
471,1
443,1
186,2
303,2
568,1
484,1
138,3
96,4
655,1
547,1
86,5
543,1
31,6
197,2
443,1
279,2
285,2
279,2
679,1
162,3
139,3
50,6
268,2
187,2
598,1
300,2
373,1
678,1
706,1
108,4
278,2
27,7
148,3
158,3
450,1
480,1
100,4
401,1
480,1
654,1
723,1
372,1
180,3
309,2
169,3
304,2
271,2
189,2
129,3
242,2
141,3
538,1
13,8
184,2
48,6
422,1
490,1
353,2
463,1
397,1
696,1
269,2
450,1
544,1
13,8
696,1
534,1
176,3
559,1
721,1
470,1
159,3
273,2
616,1
439,1
349,2
414,1
610,1
527,1
676,1
126,3
683,1
24,7
210,2
10,9
615,1
46,6
717,1
61,5
176,3
39,6
351,2
282,2
327,2
436,1
363,2
126,3
13,8
338,2
328,2
719,1
692,1
115,4
703,1
172,3
466,1
127,3
517,1
13,8
148,3
145,3
609,1
244,2
206,2
557,1
406,1
305,2
258,2
378,1
568,1
285,2
25,7
258,2
624,1
729,1
687,1
505,1
422,1
442,1
77,5
607,1
450,1
99,4
108,4
263,2
278,2
566,1
3,12
143,3
617,1
674,1
600,1
5,11
305,2
382,1
510,1
571,1
664,1
289,2
3,12
499,1
45,6
193,2
66,5
261,2
354,2
87,5
492,1
729,1
262,2
627,1
325,2
330,2
706,1
397,1
67,5
188,2
363,2
394,1
714,1
602,1
557,1
666,1
474,1
222,2
322,2
407,1
627,1
337,2
710,1
26,7
168,3
8,9
332,2
518,1
359,2
272,2
706,1
506,1
637,1
419,1
344,2
630,1
575,1
335,2
209,2
140,3
363,2
557,1
153,3
640,1
439,1
355,2
618,1
117,4
263,2
300,2
3,12
602,1
353,2
391,1
350,2
726,1
635,1
500,1
502,1
199,2
265,2
656,1
574,1
44,6
166,3
417,1
41,6
318,2
238,2
32,6
722,1
712,1
181,2
644,1
389,1
536,1
135,3
319,2
299,2
612,1
54,6
83,5
221,2
225,2
156,3
342,2
643,1
156,3
526,1
452,1
643,1
231,2
603,1
507,1
473,1
460,1
450,1
125,3
173,3
522,1
182,2
613,1
436,1
700,1
258,2
18,7
11,8
467,1
477,1
299,2
417,1
441,1
453,1
553,1
654,1
642,1
185,2
566,1
115,4
399,1
219,2
46,6
58,6
539,1
321,2
435,1
270,2
78,5
122,3
576,1
459,1
164,3
647,1
284,2
490,1
535,1
20,7
42,6
299,2
180,3
149,3
124,3
379,1
271,2
69,5
697,1
93,4
340,2
60,6
446,1
591,1
18,7
549,1
156,3
311,2
100,4
525,1
372,1
309,2
164,3
667,1
523,1
199,2
402,1
506,1
226,2
322,2
403,1
35,6
441,1
631,1
287,2
42,6
113,4
280,2
642,1
446,1
687,1
629,1
190,2
64,5
446,1
72,5
374,1
525,1
33,6
572,1
316,2
687,1
436,1
720,1
241,2
656,1
457,1
224,2
37,6
692,1
688,1
310,2
497,1
98,4
30,7
565,1
359,2
79,5
102,4
115,4
296,2
229,2
213,2
19,7
141,3
335,2
344,2
98,4
227,2
693,1
237,2
649,1
482,1
668,1
157,3
595,1
643,1
510,1
285,2
233,2
652,1
440,1
386,1
409,1
493,1
357,2
574,1
406,1
138,3
280,2
466,1
509,1
261,2
59,6
124,3
83,5
36,6
66,5
278,2
149,3
477,1
529,1
146,3
326,2
682,1
290,2
516,1
59,6
567,1
94,4
406,1
391,1
244,2
123,3
186,2
704,1
10,9
224,2
605,1
623,1
704,1
184,2
16,7
431,1
668,1
555,1
620,1
646,1
12,8
540,1
333,2
475,1
126,3
653,1
477,1
80,5
349,2
321,2
187,2
253,2
658,1
415,1
647,1
482,1
89,5
74,5
488,1
96,4
370,1
671,1
181,2
19,7
255,2
477,1
56,6
403,1
97,4
52,6
163,3
173,3
11,8
89,5
475,1
7,10
673,1
196,2
589,1
305,2
75,5
404,1
259,2
134,3
284,2
434,1
729,1
246,2
583,1
104,4
422,1
268,2
33,6
605,1
172,3
55,6
653,1
443,1
336,2
136,3
492,1
430,1
404,1
255,2
690,1
183,2
483,1
33,6
323,2
99,4
294,2
171,3
697,1
568,1
103,4
108,4
662,1
397,1
102,4
730,1
74,5
82,5
456,1
299,2
513,1
678,1
308,2
479,1
700,1
478,1
621,1
639,1
42,6
287,2
280,2
561,1
173,3
64,5
610,1
123,3
219,2
552,1
589,1
6,10
512,1
38,6
684,1
207,2
352,2
465,1
695,1
174,3
416,1
268,2
333,2
519,1
390,1
650,1
40,6
153,3
648,1
472,1
256,2
337,2
360,2
375,1
679,1
417,1
654,1
641,1
70,5
100,4
618,1
447,1
102,4
657,1
173,3
603,1
540,1
499,1
635,1
395,1
163,3
503,1
50,6
643,1
285,2
311,2
670,1
324,2
102,4
495,1
238,2
562,1
467,1
307,2
614,1
640,1
150,3
150,3
706,1
574,1
608,1
428,1
211,2
437,1
369,1
664,1
481,1
95,4
519,1
202,2
326,2
143,3
258,2
432,1
511,1
361,2
128,3
713,1
462,1
180,3
652,1
317,2
636,1
383,1
235,2
570,1
153,3
617,1
165,3
24,7
443,1
461,1
450,1
376,1
593,1
31,6
317,2
609,1
34,6
404,1
292,2
159,3
313,2
368,1
531,1
456,1
679,1
344,2
168,3
266,2
640,1
536,1
728,1
447,1
362,2
505,1
171,3
574,1
290,2
66,5
323,2
505,1
116,4
245,2
303,2
578,1
486,1
343,2
546,1
111,4
422,1
527,1
420,1
514,1
720,1
528,1
192,2
232,2
46,6
164,3
594,1
96,4
598,1
293,2
609,1
530,1
223,2
467,1
700,1
281,2
201,2
554,1
462,1
591,1
537,1
577,1
202,2
630,1
3,12
253,2
226,2
304,2
128,3
267,2
721,1
263,2
363,2
520,1
521,1
447,1
170,3
677,1
299,2
264,2
334,2
708,1
500,1
82,5
324,2
663,1
448,1
683,1
218,2
641,1
343,2
312,2
78,5
589,1
587,1
401,1
71,5
628,1
221,2
687,1
366,1
675,1
339,2
360,2
575,1
611,1
342,2
167,3
616,1
34,6
332,2
614,1
536,1
125,3
47,6
652,1
526,1
245,2
245,2
116,4
9,9
658,1
669,1
399,1
446,1
334,2
345,2
697,1
93,4
582,1
221,2
551,1
278,2
105,4
673,1
145,3
354,2
501,1
454,1
73,5
4,11
163,3
723,1
270,2
349,2
458,1
614,1
280,2
15,7
566,1
485,1
355,2
503,1
588,1
691,1
615,1
149,3
102,4
117,4
138,3
129,3
63,5
637,1
136,3
34,6
197,2
596,1
6,10
143,3
482,1
576,1
301,2
111,4
698,1
336,2
188,2
79,5
557,1
204,2
690,1
288,2
382,1
116,4
644,1
588,1
706,1
25,7
90,5
621,1
593,1
60,6
101,4
136,3
682,1
512,1
239,2
448,1
17,7
651,1
433,1
483,1
3,12
646,1
184,2
402,1
93,4
288,2
306,2
382,1
57,6
634,1
409,1
684,1
67,5
228,2
419,1
463,1
262,2
42,6
565,1
353,2
584,1
65,5
372,1
270,2
723,1
314,2
321,2
354,2
459,1
87,5
419,1
313,2
191,2
341,2
714,1
338,2
487,1
309,2
696,1
623,1
631,1
159,3
449,1
322,2
13,8
143,3
56,6
679,1
499,1
454,1
430,1
256,2
552,1
641,1
402,1
78,5
45,6
252,2
506,1
256,2
697,1
129,3
265,2
308,2
256,2
51,6
131,3
686,1
321,2
98,4
577,1
259,2
129,3
509,1
170,3
234,2
419,1
554,1
152,3
492,1
319,2
709,1
433,1
569,1
376,1
394,1
404,1
201,2
571,1
560,1
455,1
122,3
18,7
317,2
459,1
618,1
507,1
404,1
573,1
664,1
42,6
504,1
386,1
501,1
677,1
493,1
150,3
253,2
107,4
525,1
218,2
556,1
68,5
552,1
418,1
250,2
149,3
699,1
686,1
234,2
54,6
442,1
332,2
643,1
202,2
79,5
561,1
625,1
405,1
432,1
383,1
682,1
55,6
443,1
582,1
462,1
584,1
91,4
457,1
442,1
233,2
382,1
161,3
358,2
315,2
100,4
722,1
187,2
204,2
229,2
710,1
429,1
549,1
325,2
633,1
436,1
244,2
489,1
329,2
448,1
95,4
596,1
495,1
93,4
698,1
184,2
29,7
267,2
29,7
10,9
107,4
173,3
222,2
599,1
384,1
546,1
630,1
657,1
68,5
617,1
350,2
327,2
194,2
231,2
451,1
496,1
412,1
601,1
79,5
293,2
200,2
386,1
85,5
309,2
115,4
532,1
325,2
166,3
297,2
622,1
286,2
572,1
335,2
515,1
648,1
510,1
702,1
310,2
135,3
664,1
564,1
126,3
393,1
394,1
358,2
702,1
675,1
163,3
510,1
691,1
453,1
726,1
432,1
416,1
251,2
613,1
640,1
171,3
510,1
703,1
213,2
496,1
439,1
230,2
4,11
464,1
454,1
106,4
40,6
198,2
110,4
633,1
670,1
459,1
536,1
474,1
517,1
347,2
184,2
460,1
483,1
50,6
121,3
597,1
367,1
343,2
361,2
262,2
155,3
312,2
138,3
324,2
650,1
9,9
451,1
225,2
31,6
312,2
10,9
696,1
233,2
235,2
187,2
147,3
198,2
138,3
713,1
298,2
716,1
651,1
652,1
406,1
601,1
47,6
45,6
231,2
155,3
723,1
120,4
709,1
293,2
521,1
349,2
355,2
670,1
512,1
535,1
597,1
209,2
682,1
374,1
587,1
71,5
588,1
154,3
173,3
415,1
266,2
522,1
589,1
526,1
373,1
479,1
351,2
41,6
179,3
56,6
263,2
709,1
71,5
276,2
554,1
586,1
204,2
153,3
702,1
710,1
672,1
417,1
697,1
359,2
503,1
459,1
20,7
587,1
671,1
201,2
279,2
319,2
258,2
513,1
269,2
623,1
308,2
685,1
587,1
568,1
668,1
39,6
542,1
496,1
419,1
6,10
208,2
86,5
32,6
283,2
507,1
409,1
73,5
346,2
120,4
629,1
331,2
403,1
724,1
300,2
618,1
245,2
375,1
514,1
127,3
523,1
702,1
299,2
252,2
292,2
547,1
58,6
643,1
680,1
438,1
442,1
401,1
659,1
604,1
420,1
67,5
238,2
197,2
680,1
499,1
229,2
339,2
80,5
530,1
502,1
104,4
401,1
262,2
246,2
588,1
666,1
696,1
104,4
198,2
142,3
495,1
53,6
470,1
720,1
480,1
285,2
8,9
64,5
271,2
80,5
700,1
42,6
397,1
20,7
652,1
136,3
39,6
575,1
505,1
651,1
140,3
1,14
8,9
310,2
358,2
333,2
635,1
293,2
289,2
179,3
716,1
181,2
720,1
102,4
388,1
705,1
560,1
248,2
344,2
74,5
670,1
470,1
280,2
102,4
629,1
677,1
557,1
271,2
598,1
100,4
289,2
129,3
445,1
500,1
216,2
616,1
371,1
228,2
551,1
585,1
197,2
585,1
389,1
285,2
22,7
22,7
688,1
47,6
125,3
230,2
361,2
385,1
316,2
166,3
245,2
131,3
451,1
578,1
187,2
409,1
76,5
488,1
393,1
114,4
429,1
594,1
169,3
327,2
307,2
412,1
282,2
370,1
698,1
669,1
638,1
354,2
40,6
527,1
59,6
114,4
710,1
671,1
516,1
220,2
641,1
507,1
680,1
54,6
598,1
178,3
295,2
293,2
577,1
234,2
352,2
619,1
590,1
25,7
473,1
619,1
721,1
3,12
147,3
276,2
15,7
553,1
614,1
493,1
704,1
426,1
551,1
501,1
75,5
622,1
538,1
73,5
367,1
441,1
359,2
551,1
40,6
705,1
371,1
265,2
635,1
536,1
392,1
161,3
613,1
549,1
75,5
301,2
34,6
304,2
504,1
715,1
261,2
34,6
141,3
658,1
70,5
518,1
64,5
174,3
700,1
415,1
156,3
148,3
705,1
25,7
316,2
564,1
309,2
456,1
506,1
644,1
329,2
135,3
115,4
250,2
167,3
433,1
262,2
451,1
114,4
442,1
706,1
116,4
661,1
571,1
717,1
703,1
332,2
378,1
261,2
296,2
10,9
673,1
350,2
36,6
124,3
480,1
705,1
145,3
703,1
304,2
63,5
695,1
666,1
504,1
619,1
501,1
288,2
593,1
441,1
92,4
650,1
81,5
677,1
6,10
177,3
585,1
417,1
158,3
88,5
645,1
298,2
684,1
367,1
185,2
349,2
286,2
604,1
369,1
140,3
239,2
13,8
212,2
435,1
713,1
389,1
5,11
119,4
133,3
696,1
546,1
653,1
228,2
648,1
651,1
13,8
296,2
209,2
412,1
235,2
565,1
46,6
261,2
476,1
449,1
345,2
628,1
660,1
113,4
311,2
319,2
671,1
53,6
537,1
372,1
83,5
425,1
703,1
639,1
266,2
598,1
237,2
155,3
282,2
664,1
25,7
7,10
318,2
630,1
721,1
237,2
292,2
34,6
79,5
659,1
619,1
552,1
293,2
702,1
608,1
410,1
64,5
606,1
414,1
579,1
173,3
449,1
71,5
455,1
172,3
453,1
509,1
506,1
30,7
604,1
538,1
263,2
69,5
222,2
36,6
653,1
169,3
481,1
607,1
416,1
391,1
186,2
106,4
531,1
115,4
226,2
511,1
267,2
514,1
487,1
186,2
657,1
125,3
159,3
343,2
97,4
24,7
128,3
312,2
663,1
589,1
339,2
712,1
268,2
198,2
565,1
603,1
269,2
625,1
344,2
544,1
339,2
581,1
606,1
5,11
545,1
148,3
36,6
455,1
446,1
177,3
717,1
656,1
370,1
407,1
377,1
332,2
30,7
339,2
304,2
615,1
627,1
542,1
585,1
691,1
25,7
460,1
275,2
435,1
159,3
142,3
287,2
363,2
17,7
259,2
379,1
274,2
606,1
161,3
569,1
599,1
346,2
17,7
443,1
113,4
513,1
695,1
475,1
570,1
507,1
383,1
399,1
79,5
386,1
270,2
617,1
347,2
260,2
610,1
55,6
469,1
166,3
549,1
187,2
606,1
658,1
323,2
578,1
429,1
622,1
396,1
715,1
71,5
394,1
45,6
573,1
536,1
575,1
524,1
446,1
662,1
98,4
370,1
3,12
176,3
6,10
60,6
663,1
695,1
578,1
162,3
284,2
328,2
240,2
267,2
327,2
578,1
364,2
551,1
222,2
582,1
536,1
162,3
630,1
721,1
239,2
291,2
661,1
428,1
2,13
173,3
558,1
276,2
720,1
80,5
123,3
439,1
596,1
469,1
363,2
182,2
708,1
559,1
613,1
66,5
504,1
95,4
713,1
536,1
427,1
248,2
241,2
204,2
311,2
44,6
567,1
119,4
537,1
332,2
414,1
354,2
468,1
114,4
440,1
154,3
717,1
26,7
369,1
641,1
481,1
139,3
72,5
247,2
585,1
330,2
173,3
20,7
726,1
578,1
377,1
432,1
205,2
684,1
49,6
692,1
155,3
287,2
98,4
609,1
603,1
620,1
172,3
520,1
383,1
99,4
569,1
274,2
260,2
459,1
437,1
40,6
148,3
494,1
645,1
306,2
685,1
592,1
138,3
409,1
134,3
435,1
468,1
395,1
345,2
472,1
426,1
314,2
63,5
612,1
5,11
540,1
614,1
607,1
14,8
32,6
728,1
626,1
326,2
70,5
366,1
66,5
243,2
129,3
516,1
249,2
138,3
11,8
721,1
464,1
235,2
382,1
189,2
168,3
378,1
311,2
423,1
461,1
96,4
333,2
437,1
537,1
69,5
273,2
60,6
282,2
562,1
43,6
164,3
387,1
410,1
128,3
108,4
385,1
151,3
495,1
692,1
1,14
166,3
56,6
410,1
226,2
656,1
102,4
560,1
180,3
609,1
285,2
260,2
338,2
300,2
474,1
291,2
144,3
368,1
48,6
17,7
602,1
460,1
460,1
52,6
468,1
20,7
643,1
213,2
710,1
726,1
406,1
126,3
259,2
450,1
673,1
407,1
222,2
154,3
703,1
400,1
178,3
421,1
532,1
673,1
614,1
286,2
284,2
714,1
541,1
44,6
644,1
536,1
710,1
186,2
615,1
728,1
507,1
304,2
440,1
252,2
310,2
311,2
530,1
467,1
175,3
6,10
545,1
75,5
631,1
599,1
375,1
488,1
450,1
9,9
6,10
582,1
541,1
93,4
320,2
575,1
226,2
376,1
84,5
512,1
403,1
86,5
251,2
199,2
479,1
464,1
725,1
207,2
61,5
689,1
279,2
359,2
497,1
445,1
586,1
465,1
280,2
398,1
1,14
724,1
695,1
282,2
505,1
604,1
704,1
215,2
584,1
537,1
404,1
409,1
566,1
374,1
726,1
431,1
521,1
516,1
177,3
673,1
654,1
487,1
432,1
335,2
551,1
647,1
65,5
453,1
551,1
584,1
114,4
567,1
444,1
687,1
323,2
166,3
48,6
668,1
228,2
578,1
333,2
358,2
226,2
560,1
134,3
478,1
304,2
656,1
349,2
222,2
105,4
494,1
229,2
578,1
313,2
390,1
601,1
343,2
647,1
618,1
503,1
78,5
693,1
595,1
602,1
579,1
350,2
617,1
663,1
477,1
269,2
116,4
195,2
314,2
570,1
571,1
666,1
124,3
